month,avg_rating,rating_count
1,3.502880516188501,8679
2,3.342115434166452,7762
3,3.4651162790697674,8729
4,3.6130367304707707,7732
5,3.450758620689655,10875
6,3.4246967654986524,8904
7,3.632804540823752,6871
8,3.3590223494440163,9083
9,3.6017779803966263,8774
10,3.5070545454545456,6875
11,3.63641981666495,9709
12,3.514028934677773,6843
